{
  "input": [
    0.3456789,
    -0.2345678,
    0.1234567,
    0.8765432,
    -0.9876543,
    0.5555556,
    -0.7777778,
    0.6666667,
    -0.1111111,
    0.9999999,
    -0.4444444,
    0.8888889,
    -0.2222222,
    0.5555556,
    -0.7777778,
    0.3333333,
    -0.9999999,
    0.1111111,
    0.8888889,
    -0.4444444,
    0.5555556,
    -0.7777778,
    0.3333333,
    -0.9999999,
    0.1111111,
    0.8888889,
    -0.4444444,
    0.5555556,
    -0.7777778,
    0.3333333,
    -0.9999999,
    0.1111111,
    0.8888889,
    -0.4444444,
    0.0,
    0.0,
    0.0,
    0.0,
    0.0,
    0.0,
    0.0,
    0.0,
    0.0,
    0.0,
    0.0,
    0.0,
    0.0,
    0.0,
    0.0,
    0.0,
    0.0,
    0.0,
    0.0,
    0.0,
    0.0,
    0.0,
    0.0,
    0.0,
    0.0,
    0.0,
    0.0,
    0.0,
    0.0,
    0.0
  ],
  "target": [
    0.22222222222222224,
    0.11111111111111112,
    0.3333333333333333,
    0.11111111111111112,
    0.11111111111111112,
    0.11111111111111112,
    0.0,
    0.0,
    0.0,
    0.0
  ]
}