{
  "input": [
    -0.834,
    0.256,
    -0.123,
    0.987,
    -0.543,
    0.765,
    -0.321,
    0.456,
    -0.678,
    0.89,
    -0.012,
    0.345,
    -0.456,
    0.678,
    -0.789,
    0.123,
    -0.234,
    0.567,
    -0.89,
    0.234,
    -0.456,
    0.789,
    -0.901,
    0.123,
    -0.345,
    0.678,
    -0.89,
    0.234,
    -0.567,
    0.901,
    -0.123,
    0.456,
    -0.789,
    0.678,
    -0.901,
    0.345,
    -0.234,
    0.89,
    -0.456,
    0.789,
    -0.678,
    0.901,
    -0.345,
    0.123,
    -0.89,
    0.456,
    -0.789,
    0.678,
    -0.901,
    0.345,
    -0.234,
    0.89,
    -0.456,
    0.789,
    -0.678,
    0.901,
    -0.345,
    0.123,
    -0.89,
    0.456,
    -0.789,
    0.678,
    0.0,
    0.0
  ],
  "target": [
    0.09433962264150944,
    0.07547169811320754,
    0.0660377358490566,
    0.056603773584905655,
    0.04716981132075472,
    0.08490566037735849,
    0.08018867924528301,
    0.07075471698113207,
    0.14150943396226415,
    0.2830188679245283
  ]
}