{
  "input": [
    0.08957,
    0.12345,
    -0.03334,
    0.6789,
    0.00123,
    0.45678,
    0.7891,
    -0.56789,
    0.12345,
    0.6789,
    0.01234,
    0.56789,
    0.6789,
    -0.12345,
    0.09876,
    0.76543,
    0.87654,
    0.09876,
    0.12345,
    0.23456,
    0.34567,
    0.45678,
    -0.56789,
    0.6789,
    0.78901,
    0.89012,
    0.90123,
    0.01234,
    0.12345,
    0.23456,
    0.34567,
    0.45678,
    -0.56789,
    0.6789,
    0.78901,
    0.89012,
    0.90123,
    0.0,
    0.0,
    0.0,
    0.0,
    0.0,
    0.0,
    0.0,
    0.0,
    0.0,
    0.0,
    0.0,
    0.0,
    0.0,
    0.0,
    0.0,
    0.0,
    0.0,
    0.0,
    0.0,
    0.0,
    0.0,
    0.0,
    0.0,
    0.0,
    0.0,
    0.0,
    0.0
  ],
  "target": [
    0.1,
    0.1,
    0.1,
    0.1,
    0.1,
    0.1,
    0.1,
    0.1,
    0.1,
    0.1
  ]
}