{
  "input": [
    0.3456789,
    -0.2345678,
    0.8912345,
    -0.5678912,
    0.1234567,
    -0.9876543,
    0.7654321,
    -0.4567891,
    0.2345678,
    -0.8912345,
    0.5678912,
    -0.1234567,
    0.9876543,
    0.7654321,
    -0.4567891,
    0.2345678,
    -0.8912345,
    0.5678912,
    -0.1234567,
    0.9876543,
    0.7654321,
    -0.4567891,
    0.2345678,
    -0.8912345,
    0.5678912,
    -0.1234567,
    0.9876543,
    0.7654321,
    -0.4567891,
    0.2345678,
    -0.8912345,
    0.5678912,
    0.0,
    0.0,
    0.0,
    0.0,
    0.0,
    0.0,
    0.0,
    0.0,
    0.0,
    0.0,
    0.0,
    0.0,
    0.0,
    0.0,
    0.0,
    0.0,
    0.0,
    0.0,
    0.0,
    0.0,
    0.0,
    0.0,
    0.0,
    0.0,
    0.0,
    0.0,
    0.0,
    0.0,
    0.0,
    0.0,
    0.0,
    0.0
  ],
  "target": [
    0.22222222222222224,
    0.11111111111111112,
    0.22222222222222224,
    0.11111111111111112,
    0.22222222222222224,
    0.11111111111111112,
    0.0,
    0.0,
    0.0,
    0.0
  ]
}