{
  "input": [
    0.08957,
    0.23456,
    -0.12345,
    0.6789,
    0.00123,
    0.56789,
    0.12345,
    0.09876,
    0.76543,
    0.4321,
    0.01234,
    0.56789,
    -0.6789,
    0.12345,
    0.00987,
    0.87654,
    0.98765,
    0.23456,
    0.34567,
    0.45678,
    0.56789,
    -0.6789,
    0.76543,
    0.87654,
    0.98765,
    0.12345,
    0.23456,
    0.34567,
    0.45678,
    0.56789,
    -0.6789,
    0.76543,
    0.87654,
    0.98765,
    0.0,
    0.0,
    0.0,
    0.0,
    0.0,
    0.0,
    0.0,
    0.0,
    0.0,
    0.0,
    0.0,
    0.0,
    0.0,
    0.0,
    0.0,
    0.0,
    0.0,
    0.0,
    0.0,
    0.0,
    0.0,
    0.0,
    0.0,
    0.0,
    0.0,
    0.0,
    0.0,
    0.0,
    0.0,
    0.0
  ],
  "target": [
    0.09999999999999999,
    0.09999999999999999,
    0.09999999999999999,
    0.09999999999999999,
    0.09999999999999999,
    0.09999999999999999,
    0.09999999999999999,
    0.09999999999999999,
    0.09999999999999999,
    0.09999999999999999
  ]
}